{
  "name": "dropzone",
  "location": "enyo/dropzone",
  "version": "5.5.0",
  "description": "Dropzone is an easy to use drag'n'drop library. It supports image previews and shows nice progress bars.",
  "homepage": "http://www.dropzonejs.com",
  "main": [
    "dist/min/dropzone.min.css",
    "dist/min/dropzone.min.js"
  ],
  "ignore": [
    "*",
    "!dist",
    "!dist/**/*"
  ],
  "_release": "5.5.0",
  "_resolution": {
    "type": "version",
    "tag": "v5.5.0",
    "commit": "08b9e0a763b54a685404dea523a9c54242fbe1b9"
  },
  "_source": "https://github.com/enyo/dropzone.git",
  "_target": "^5.5.0",
  "_originalSource": "dropzone",
  "_direct": true
}